BenchRegions,BenchRegions_ISO_colnames,Global,Global_ISO,Africa,Afrika_ISO,Brazil,Brazil_ISO,China,China_ISO,EEurope_Eurasia,EEurope_Eurasia_ISO,EU,EU_ISO,India,India_ISO,Japan,Japan_ISO,LatinAmerica,LatinAmerica_ISO,MiddleEast,MiddleEast_ISO,NonOECD,NonOECD_ISO,NonOECDAsia,NonOECDAsia_ISO,OECD,OECD_ISO,OECDAmericas,OECDAmericas_ISO,OECDAsiaOceania,OECDAsiaOceania_ISO,OECDEurope,OECDEurope_ISO,Russia,Russia_ISO,SouthAfrica,SouthAfrica_ISO,US,US_ISO,OECDAsiaOceaniaWoJP,OECDAsiaOceaniaWoJP_ISO,OECDAmericasWoUS,OECDAmericasWoUS_ISO,LatinAmericaWoBR,LatinAmericaWoBR_ISO,AfricaWoZA,AfricaWoZA_ISO,EEurope_EurasiaWoRU,EEurope_EurasiaWoRU_ISO,NonOECDAsiaRest,NonOECDAsiaRest_ISO,NonOECDRest,NonOECDRest_ISO
Global,Global_ISO,Afghanistan,AF,Algeria,DZ,Brazil,BR,China,CN,Albania,AL,Austria,AT,India,IN,Japan,JP,Antigua and Barbuda,AG,Bahrain,BH,Afghanistan,AF,Bangladesh,BD,Austria,AT,Canada,CA,Australia,AU,Austria,AT,Russian Federation,RU,South Africa,ZA,United States,US,Australia,AU,Canada,CA,Antigua and Barbuda,AG,Algeria,DZ,Albania,AL,Bangladesh,BD,American Samoa,AS
Africa,Afrika_ISO,Albania,AL,Angola,AO,Global,Global,Hong Kong Special Administrative Region of China,HK,Armenia,AM,Belgium,BE,Global,Global,Global,Global,Argentina,AR,Iran,IR,Albania,AL,Afghanistan,AF,Belgium,BE,Chile,CL,Japan,JP,Belgium,BE,Global,Global,Global,Global,Global,Global,South Korea,KR,Chile,CL,Argentina,AR,Angola,AO,Armenia,AM,Afghanistan,AF,Andorra,AD
Brazil,Brazil_ISO,Algeria,DZ,Benin,BJ,,,Global,Global,Azerbaijan,AZ,Bulgaria,BG,,,,,Aruba,AW,Iraq,IQ,Algeria,DZ,Bhutan,BT,Czech Republic,CZ,Mexico,MX,South Korea,KR,Czech Republic,CZ,,,,,,,New Zealand,NZ,Mexico,MX,Aruba,AW,Benin,BJ,Azerbaijan,AZ,Bhutan,BT,Anguilla,AI
China,China_ISO,American Samoa,AS,Botswana,BW,,,,,Belarus,BY,Croatia,HR,,,,,Bahamas,BS,Jordan,JO,American Samoa,AS,Brunei Darussalam,BN,Denmark,DK,United States,US,New Zealand,NZ,Denmark,DK,,,,,,,Global,Global,Global,Global,Bahamas,BS,Botswana,BW,Belarus,BY,Brunei Darussalam,BN,Faroe Islands,FO
EEurope_Eurasia,EEurope_Eurasia_ISO,Andorra,AD,Burkina Faso,BF,,,,,Bosnia and Herzegovina,BA,Cyprus,CY,,,,,Barbados,BB,Kuwait,KW,Andorra,AD,Cambodia,KH,Estonia,EE,Global,Global,Global,Global,Estonia,EE,,,,,,,,,,,Barbados,BB,Burkina Faso,BF,Bosnia and Herzegovina,BA,Cambodia,KH,Greenland,GL
EU,EU_ISO,Angola,AO,Burundi,BI,,,,,Bulgaria,BG,Czech Republic,CZ,,,,,Belize,BZ,Lebanon,LB,Angola,AO,China,CN,Finland,FI,,,,,Finland,FI,,,,,,,,,,,Belize,BZ,Burundi,BI,Bulgaria,BG,Cook Islands,CK,Guam,GU
India,India_ISO,Anguilla,AI,Cape Verde,CV,,,,,Croatia,HR,Denmark,DK,,,,,Bermuda,BM,Oman,OM,Anguilla,AI,Cook Islands,CK,France,FR,,,,,France,FR,,,,,,,,,,,Bermuda,BM,Cape Verde,CV,Croatia,HR,Democratic People's Republic of Korea,KP,Guernsey,GG
Japan,Japan_ISO,Antigua And Barbuda,AG,Cameroon,CM,,,,,Cyprus,CY,Estonia,EE,,,,,Bolivia,BO,Qatar,QA,Antigua And Barbuda,AG,Democratic People's Republic of Korea,KP,Germany,DE,,,,,Germany,DE,,,,,,,,,,,Bolivia,BO,Cameroon,CM,Cyprus,CY,Fiji,FJ,Isle of Man,IM
LatinAmerica,LatinAmerica_ISO,Argentina,AR,Central African Republic,CF,,,,,Georgia,GE,Finland,FI,,,,,Bonaire,BQ,Saudi Arabia,SA,Argentina,AR,Fiji,FJ,Greece,GR,,,,,Greece,GR,,,,,,,,,,,Bonaire,BQ,Central African Republic,CF,Georgia,GE,French Polynesia,PF,Jersey,JE
MiddleEast,MiddleEast_ISO,Armenia,AM,Chad,TD,,,,,Gibraltar,GI,France,FR,,,,,Brazil,BR,Syria,SY,Armenia,AM,French Polynesia,PF,Hungary,HU,,,,,Hungary,HU,,,,,,,,,,,British Virgin Islands,VG,Chad,TD,Gibraltar,GI,Indonesia,ID,Marshall Islands,MH
NonOECD,NonOECD_ISO,Aruba,AW,Comoros,KM,,,,,Kazakhstan,KZ,Germany,DE,,,,,British Virgin Islands,VG,United Arab Emirates,AE,Aruba,AW,India,IN,Iceland,IS,,,,,Iceland,IS,,,,,,,,,,,Caicos Islands,TC,Comoros,KM,Kazakhstan,KZ,Kiribati,KI,Mayotte,YT
NonOECDAsia,NonOECDAsia_ISO,Australia,AU,Cote d'Ivoire,CI,,,,,Kosovo,RS,Greece,GR,,,,,Caicos Islands,TC,Yemen,YE,Azerbaijan,AZ,Indonesia,ID,Ireland,IE,,,,,Ireland,IE,,,,,,,,,,,Cayman Islands,KY,Cote d'Ivoire,CI,Kosovo,RS,Lao People's Democratic Republic,LA,Micronesia (Federated States of),FM
OECD,OECD_ISO,Austria,AT,Djibouti,DJ,,,,,Kyrgyzstan,KG,Hungary,HU,,,,,Cayman Islands,KY,Global,Global,Bahamas,BS,Kiribati,KI,Italy,IT,,,,,Italy,IT,,,,,,,,,,,Colombia,CO,Djibouti,DJ,Kyrgyzstan,KG,Macau Special Administrative Region of China,MO,Puerto Rico,PR
OECDAmericas,OECDAmericas_ISO,Azerbaijan,AZ,Egypt,EG,,,,,Latvia,LV,Ireland,IE,,,,,Colombia,CO,,,Bahrain,BH,Lao People's Democratic Republic,LA,Luxembourg,LU,,,,,Luxembourg,LU,,,,,,,,,,,Costa Rica,CR,Egypt,EG,Latvia,LV,Malaysia,MY,Taiwan,TW
OECDAsiaOceania,OECDAsiaOceania_ISO,Bahamas,BS,Equatorial Guinea,GQ,,,,,Lithuania,LT,Italy,IT,,,,,Costa Rica,CR,,,Bangladesh,BD,Macau Special Administrative Region of China,MO,Netherlands,NL,,,,,Netherlands,NL,,,,,,,,,,,Cuba,CU,Equatorial Guinea,GQ,Lithuania,LT,Maldives,MV,Tokelau,TK
OECDEurope,OECDEurope_ISO,Bahrain,BH,Eritrea,ER,,,,,Malta,MT,Latvia,LV,,,,,Cuba,CU,,,Barbados,BB,Malaysia,MY,Norway,NO,,,,,Norway,NO,,,,,,,,,,,Curacao,CW,Eritrea,ER,Malta,MT,Mongolia,MN,Tuvalu,TV
Russia,Russia_ISO,Bangladesh,BD,Ethiopia,ET,,,,,Montenegro,ME,Lithuania,LT,,,,,Curacao,CW,,,Belarus,BY,Maldives,MV,Poland,PL,,,,,Poland,PL,,,,,,,,,,,Dominica,DM,Ethiopia,ET,Montenegro,ME,Myanmar,MM,Virgin Islands (US),VI
SouthAfrica,SouthAfrica_ISO,Barbados,BB,Gabon,GA,,,,,Republic of Macedonia,MK,Luxembourg,LU,,,,,Dominica,DM,,,Belize,BZ,Mongolia,MN,Portugal,PT,,,,,Portugal,PT,,,,,,,,,,,Dominican Republic,DO,Gabon,GA,Republic of Macedonia,MK,Nepal,NP,Saint Barthelemy,BL
US,US_ISO,Belarus,BY,Gambia,GM,,,,,Romania,RO,Malta,MT,,,,,Dominican Republic,DO,,,Benin,BJ,Myanmar,MM,Slovakia,SK,,,,,Slovakia,SK,,,,,,,,,,,Ecuador,EC,Gambia,GM,Romania,RO,New Caledonia,NC,"Saint Helena, Ascension and Tristan da Cunha",SH
OECDAsiaOceaniaWoJP,OECDAsiaOceaniaWoJP_ISO,Belgium,BE,Ghana,GH,,,,,Russian Federation,RU,Netherlands,NL,,,,,Ecuador,EC,,,Bermuda,BM,Nepal,NP,Slovenia,SI,,,,,Slovenia,SI,,,,,,,,,,,El Salvador,SV,Ghana,GH,Serbia,RS,Pakistan,PK,Saint Pierre and Miquelon,PM
OECDAmericasWoUS,OECDAmericasWoUS_ISO,Belize,BZ,Guinea,GN,,,,,Serbia,RS,Poland,PL,,,,,El Salvador,SV,,,Bhutan,BT,New Caledonia,NC,Spain,ES,,,,,Spain,ES,,,,,,,,,,,Falkland Islands,FK,Guinea,GN,Tajikistan,TJ,Palau,PW,Antarctica,AQ
LatinAmericaWoBR,LatinAmericaWoBR_ISO,Benin,BJ,GuineaBissau,GW,,,,,Tajikistan,TJ,Portugal,PT,,,,,Falkland Islands,FK,,,Bolivia,BO,Pakistan,PK,Sweden,SE,,,,,Sweden,SE,,,,,,,,,,,French Guiana,GF,GuineaBissau,GW,Republic of Moldova,MD,Papua New Guinea,PG,Bouvet Island,BV
AfricaWoZA,AfricaWoZA_ISO,Bermuda,BM,Kenya,KE,,,,,Republic of Moldova,MD,Romania,RO,,,,,French Guiana,GF,,,Bosnia and Herzegovina,BA,Palau,PW,Switzerland,CH,,,,,Switzerland,CH,,,,,,,,,,,Grenada,GD,Kenya,KE,Turkmenistan,TM,Philippines,PH,British Indian Ocean Territory,IO
EEurope_EurasiaWoRU,EEurope_EurasiaWoRU_ISO,Bhutan,BT,Lesotho,LS,,,,,Turkmenistan,TM,Slovakia,SK,,,,,Grenada,GD,,,Botswana,BW,Papua New Guinea,PG,Turkey,TR,,,,,Turkey,TR,,,,,,,,,,,Guadeloupe,GP,Lesotho,LS,Ukraine,UA,Samoa,WS,Christmas Island,CX
NonOECDAsiaRest,NonOECDAsiaRest_ISO,Bolivia,BO,Liberia,LR,,,,,Ukraine,UA,Slovenia,SI,,,,,Guadeloupe,GP,,,Brazil,BR,Philippines,PH,United Kingdom,GB,,,,,United Kingdom,GB,,,,,,,,,,,Guatemala,GT,Liberia,LR,Uzbekistan,UZ,Singapore,SG,Cocos (Keeling) Islands,CC
NonOECDRest,NonOECDRest_ISO,Bosnia and Herzegovina,BA,Libya,LY,,,,,Uzbekistan,UZ,Spain,ES,,,,,Guatemala,GT,,,British Virgin Islands,VG,Samoa,WS,Israel,IL,,,,,Israel,IL,,,,,,,,,,,Guyana,GY,Libya,LY,Global,Global,Solomon Islands,SB,French Southern Territories,TF
,,Botswana,BW,Libya,LY,,,,,Global,Global,Sweden,SE,,,,,Guyana,GY,,,Brunei Darussalam,BN,Singapore,SG,Canada,CA,,,,,Global,Global,,,,,,,,,,,Haiti,HT,Libya,LY,,,Sri Lanka,LK,Heard Island and McDonald Mcdonald Islands,HM
,,Brazil,BR,Madagascar,MG,,,,,,,United Kingdom,GB,,,,,Haiti,HT,,,Bulgaria,BG,Solomon Islands,SB,Chile,CL,,,,,,,,,,,,,,,,,Honduras,HN,Madagascar,MG,,,Thailand,TH,Holy See (Vatican City State),VA
,,British Virgin Islands,VG,Malawi,MW,,,,,,,Global,Global,,,,,Honduras,HN,,,Burkina Faso,BF,Sri Lanka,LK,Mexico,MX,,,,,,,,,,,,,,,,,Jamaica,JM,Malawi,MW,,,TimorLeste,TL,Liechtenstein,LI
,,Brunei Darussalam,BN,Mali,ML,,,,,,,,,,,,,Jamaica,JM,,,Burundi,BI,Thailand,TH,United States,US,,,,,,,,,,,,,,,,,Martinique,MQ,Mali,ML,,,Tonga,TO,"Micronesia, Federated States of",FM
,,Bulgaria,BG,Mauritania,MR,,,,,,,,,,,,,Martinique,MQ,,,Cambodia,KH,TimorLeste,TL,Australia,AU,,,,,,,,,,,,,,,,,Montserrat,MS,Mauritania,MR,,,Vanuatu,VU,Monaco,MC
,,Burkina Faso,BF,Mauritius,MU,,,,,,,,,,,,,Montserrat,MS,,,Cameroon,CM,Tonga,TO,Japan,JP,,,,,,,,,,,,,,,,,Nicaragua,NI,Mauritius,MU,,,Vietnam,VN,Nauru,NR
,,Burundi,BI,Morocco,MA,,,,,,,,,,,,,Nicaragua,NI,,,Cape Verde,CV,Vanuatu,VU,South Korea,KR,,,,,,,,,,,,,,,,,Panama,PA,Morocco,MA,,,Global,Global,Niue,NU
,,Cambodia,KH,Mozambique,MZ,,,,,,,,,,,,,Panama,PA,,,Cayman Islands,KY,Vietnam,VN,New Zealand,NZ,,,,,,,,,,,,,,,,,Paraguay,PY,Mozambique,MZ,,,,,Norfolk Island,NF
,,Cameroon,CM,Namibia,NA,,,,,,,,,,,,,Paraguay,PY,,,Chad,TD,Global,Global,OECD,OECD,,,,,,,,,,,,,,,,,Peru,PE,Namibia,NA,,,,,Northern Mariana Islands,MP
,,Canada,CA,Niger,NE,,,,,,,,,,,,,Peru,PE,,,China,CN,,,Global,Global,,,,,,,,,,,,,,,,,Saint Kitts and Nevis,KN,Niger,NE,,,,,"Palestine, State of",PS
,,Cape Verde,CV,Nigeria,NG,,,,,,,,,,,,,Saint Kitts and Nevis,KN,,,Colombia,CO,,,,,,,,,,,,,,,,,,,,,Saint Lucia,LC,Nigeria,NG,,,,,Pitcairn,PN
,,Cayman Islands,KY,Reunion,RE,,,,,,,,,,,,,Saint Lucia,LC,,,Cook Islands,CK,,,,,,,,,,,,,,,,,,,,,Sint Maarten,MF,Reunion,RE,,,,,Saint Helena,SH
,,Chad,TD,Rwanda,RW,,,,,,,,,,,,,Sint Maarten,MF,,,Costa Rica,CR,,,,,,,,,,,,,,,,,,,,,Saint Vincent and the Grenadines,VC,Rwanda,RW,,,,,San Marino,SM
,,Chile,CL,Sao Tome and Principe,ST,,,,,,,,,,,,,Saint Vincent and the Grenadines,VC,,,Croatia,HR,,,,,,,,,,,,,,,,,,,,,Suriname,SR,Sao Tome and Principe,ST,,,,,Sint Maarten (Dutch part),SX
,,China,CN,Senegal,SN,,,,,,,,,,,,,Suriname,SR,,,Cuba,CU,,,,,,,,,,,,,,,,,,,,,Trinidad and Tobago,TT,Senegal,SN,,,,,South Georgia and the South Sandwich Islands,GS
,,Colombia,CO,Seychelles,SC,,,,,,,,,,,,,Trinidad and Tobago,TT,,,Curacao,CW,,,,,,,,,,,,,,,,,,,,,Turks,TC,Seychelles,SC,,,,,Svalbard and Jan Mayen,SJ
,,Cook Islands,CK,Sierra Leone,SL,,,,,,,,,,,,,Turks,TC,,,Cyprus,CY,,,,,,,,,,,,,,,,,,,,,Uruguay,UY,Sierra Leone,SL,,,,,"Taiwan, Province of China",TW
,,Costa Rica,CR,Somalia,SO,,,,,,,,,,,,,Uruguay,UY,,,Democratic Republic of the Congo,CD,,,,,,,,,,,,,,,,,,,,,Venezuela,VE,Somalia,SO,,,,,United States Minor Outlying Islands,UM
,,Croatia,HR,South Africa,ZA,,,,,,,,,,,,,Venezuela,VE,,,Djibouti,DJ,,,,,,,,,,,,,,,,,,,,,Global,Global,South Sudan,SS,,,,,US Virgin Islands,VI
,,Cuba,CU,South Sudan,SS,,,,,,,,,,,,,Global,Global,,,Dominica,DM,,,,,,,,,,,,,,,,,,,,,,,Sudan,SD,,,,,Wallis and Futuna,WF
,,Curacao,CW,Sudan,SD,,,,,,,,,,,,,,,,,Dominican Republic,DO,,,,,,,,,,,,,,,,,,,,,,,Swaziland,SZ,,,,,Aland Islands,AX
,,Cyprus,CY,Swaziland,SZ,,,,,,,,,,,,,,,,,Ecuador,EC,,,,,,,,,,,,,,,,,,,,,,,Democratic Republic of the Congo,CD,,,,,Global,Global
,,Czech Republic,CZ,Democratic Republic of the Congo,CD,,,,,,,,,,,,,,,,,Egypt,EG,,,,,,,,,,,,,,,,,,,,,,,Congo Republic,CG,,,,,,
,,Democratic People's Republic of Korea,KR,Congo Republic,CG,,,,,,,,,,,,,,,,,El Salvador,SV,,,,,,,,,,,,,,,,,,,,,,,United Republic of Tanzania,TZ,,,,,,
,,Democratic Republic of the Congo,CD,United Republic of Tanzania,TZ,,,,,,,,,,,,,,,,,Equatorial Guinea,GQ,,,,,,,,,,,,,,,,,,,,,,,Togo,TG,,,,,,
,,Denmark,DK,Togo,TG,,,,,,,,,,,,,,,,,Eritrea,ER,,,,,,,,,,,,,,,,,,,,,,,Tunisia,TN,,,,,,
,,Djibouti,DJ,Tunisia,TN,,,,,,,,,,,,,,,,,Ethiopia,ET,,,,,,,,,,,,,,,,,,,,,,,Uganda,UG,,,,,,
,,Dominica,DM,Uganda,UG,,,,,,,,,,,,,,,,,Faroe Islands,FO,,,,,,,,,,,,,,,,,,,,,,,Western Sahara,EH,,,,,,
,,Dominican Republic,DO,Western Sahara,EH,,,,,,,,,,,,,,,,,Fiji,FJ,,,,,,,,,,,,,,,,,,,,,,,Zambia,ZM,,,,,,
,,Ecuador,EC,Zambia,ZM,,,,,,,,,,,,,,,,,French Guiana,GF,,,,,,,,,,,,,,,,,,,,,,,Zimbabwe,ZW,,,,,,
,,Egypt,EG,Zimbabwe,ZW,,,,,,,,,,,,,,,,,French Polynesia,PF,,,,,,,,,,,,,,,,,,,,,,,Global,Global,,,,,,
,,El Salvador,SV,Global,Global,,,,,,,,,,,,,,,,,Gabon,GA,,,,,,,,,,,,,,,,,,,,,,,,,,,,,,
,,Equatorial Guinea,GQ,,,,,,,,,,,,,,,,,,,Gambia,GM,,,,,,,,,,,,,,,,,,,,,,,,,,,,,,
,,Eritrea,ER,,,,,,,,,,,,,,,,,,,Georgia,GE,,,,,,,,,,,,,,,,,,,,,,,,,,,,,,
,,Estonia,EE,,,,,,,,,,,,,,,,,,,Ghana,GH,,,,,,,,,,,,,,,,,,,,,,,,,,,,,,
,,Ethiopia,ET,,,,,,,,,,,,,,,,,,,Gibraltar,GI,,,,,,,,,,,,,,,,,,,,,,,,,,,,,,
,,Faroe Islands,FO,,,,,,,,,,,,,,,,,,,Greenland,GL,,,,,,,,,,,,,,,,,,,,,,,,,,,,,,
,,Fiji,FJ,,,,,,,,,,,,,,,,,,,Grenada,GD,,,,,,,,,,,,,,,,,,,,,,,,,,,,,,
,,Finland,FI,,,,,,,,,,,,,,,,,,,Guadeloupe,GP,,,,,,,,,,,,,,,,,,,,,,,,,,,,,,
,,France,FR,,,,,,,,,,,,,,,,,,,Guam,GU,,,,,,,,,,,,,,,,,,,,,,,,,,,,,,
,,French Guiana,GF,,,,,,,,,,,,,,,,,,,Guatemala,GT,,,,,,,,,,,,,,,,,,,,,,,,,,,,,,
,,French Polynesia,PF,,,,,,,,,,,,,,,,,,,Guernsey,GG,,,,,,,,,,,,,,,,,,,,,,,,,,,,,,
,,Gabon,GA,,,,,,,,,,,,,,,,,,,Guinea,GN,,,,,,,,,,,,,,,,,,,,,,,,,,,,,,
,,Gambia,GM,,,,,,,,,,,,,,,,,,,GuineaBissau,GW,,,,,,,,,,,,,,,,,,,,,,,,,,,,,,
,,Georgia,GE,,,,,,,,,,,,,,,,,,,Guyana,GY,,,,,,,,,,,,,,,,,,,,,,,,,,,,,,
,,Germany,DE,,,,,,,,,,,,,,,,,,,Haiti,HT,,,,,,,,,,,,,,,,,,,,,,,,,,,,,,
,,Ghana,GH,,,,,,,,,,,,,,,,,,,Honduras,HN,,,,,,,,,,,,,,,,,,,,,,,,,,,,,,
,,Gibraltar,GI,,,,,,,,,,,,,,,,,,,Hong Kong Special Administrative Region of China,HK,,,,,,,,,,,,,,,,,,,,,,,,,,,,,,
,,Greece,GR,,,,,,,,,,,,,,,,,,,India,IN,,,,,,,,,,,,,,,,,,,,,,,,,,,,,,
,,Greenland,GL,,,,,,,,,,,,,,,,,,,Indonesia,ID,,,,,,,,,,,,,,,,,,,,,,,,,,,,,,
,,Grenada,GD,,,,,,,,,,,,,,,,,,,Iran (Islamic Republic of Iran),IR,,,,,,,,,,,,,,,,,,,,,,,,,,,,,,
,,Guadeloupe,GP,,,,,,,,,,,,,,,,,,,Iraq,IQ,,,,,,,,,,,,,,,,,,,,,,,,,,,,,,
,,Guam,GU,,,,,,,,,,,,,,,,,,,Islamic Republic of Mauritania,MR,,,,,,,,,,,,,,,,,,,,,,,,,,,,,,
,,Guatemala,GT,,,,,,,,,,,,,,,,,,,Isle of Man,IM,,,,,,,,,,,,,,,,,,,,,,,,,,,,,,
,,Guernsey,GG,,,,,,,,,,,,,,,,,,,Ivory Coast,CI,,,,,,,,,,,,,,,,,,,,,,,,,,,,,,
,,Guinea,GN,,,,,,,,,,,,,,,,,,,Jamaica,JM,,,,,,,,,,,,,,,,,,,,,,,,,,,,,,
,,GuineaBissau,GW,,,,,,,,,,,,,,,,,,,Jersey,JE,,,,,,,,,,,,,,,,,,,,,,,,,,,,,,
,,Guyana,GY,,,,,,,,,,,,,,,,,,,Jordan,JO,,,,,,,,,,,,,,,,,,,,,,,,,,,,,,
,,Haiti,HT,,,,,,,,,,,,,,,,,,,Kazakhstan,KZ,,,,,,,,,,,,,,,,,,,,,,,,,,,,,,
,,Honduras,HN,,,,,,,,,,,,,,,,,,,Kenya,KE,,,,,,,,,,,,,,,,,,,,,,,,,,,,,,
,,Hong Kong Special Administrative Region of China,HK,,,,,,,,,,,,,,,,,,,Kiribati,KI,,,,,,,,,,,,,,,,,,,,,,,,,,,,,,
,,Hungary,HU,,,,,,,,,,,,,,,,,,,Kosovo,RS,,,,,,,,,,,,,,,,,,,,,,,,,,,,,,
,,Iceland,IS,,,,,,,,,,,,,,,,,,,Kuwait,KW,,,,,,,,,,,,,,,,,,,,,,,,,,,,,,
,,India,IN,,,,,,,,,,,,,,,,,,,Kyrgyzstan,KG,,,,,,,,,,,,,,,,,,,,,,,,,,,,,,
,,Indonesia,ID,,,,,,,,,,,,,,,,,,,Lao People's Democratic Republic,LA,,,,,,,,,,,,,,,,,,,,,,,,,,,,,,
,,Iran (Islamic Republic of Iran),IR,,,,,,,,,,,,,,,,,,,Latvia,LV,,,,,,,,,,,,,,,,,,,,,,,,,,,,,,
,,Iraq,IQ,,,,,,,,,,,,,,,,,,,Lebanon,LB,,,,,,,,,,,,,,,,,,,,,,,,,,,,,,
,,Ireland,IE,,,,,,,,,,,,,,,,,,,Lesotho,LS,,,,,,,,,,,,,,,,,,,,,,,,,,,,,,
,,Islamic Republic of Mauritania,MR,,,,,,,,,,,,,,,,,,,Liberia,LR,,,,,,,,,,,,,,,,,,,,,,,,,,,,,,
,,Isle of Man,IM,,,,,,,,,,,,,,,,,,,Libyan Arab Jamahiriya,LY,,,,,,,,,,,,,,,,,,,,,,,,,,,,,,
,,Israel,IL,,,,,,,,,,,,,,,,,,,Lithuania,LT,,,,,,,,,,,,,,,,,,,,,,,,,,,,,,
,,Italy,IT,,,,,,,,,,,,,,,,,,,Macau Special Administrative Region of China,MO,,,,,,,,,,,,,,,,,,,,,,,,,,,,,,
,,Ivory Coast,CI,,,,,,,,,,,,,,,,,,,Madagascar,MG,,,,,,,,,,,,,,,,,,,,,,,,,,,,,,
,,Jamaica,JM,,,,,,,,,,,,,,,,,,,Malawi,MW,,,,,,,,,,,,,,,,,,,,,,,,,,,,,,
,,Japan,JP,,,,,,,,,,,,,,,,,,,Malaysia,MY,,,,,,,,,,,,,,,,,,,,,,,,,,,,,,
,,Jersey,JE,,,,,,,,,,,,,,,,,,,Maldives,MV,,,,,,,,,,,,,,,,,,,,,,,,,,,,,,
,,Jordan,JO,,,,,,,,,,,,,,,,,,,Mali,ML,,,,,,,,,,,,,,,,,,,,,,,,,,,,,,
,,Kazakhstan,KZ,,,,,,,,,,,,,,,,,,,Malta,MT,,,,,,,,,,,,,,,,,,,,,,,,,,,,,,
,,Kenya,KE,,,,,,,,,,,,,,,,,,,Marshall Islands,MH,,,,,,,,,,,,,,,,,,,,,,,,,,,,,,
,,Kiribati,KI,,,,,,,,,,,,,,,,,,,Martinique,MQ,,,,,,,,,,,,,,,,,,,,,,,,,,,,,,
,,Kosovo,RS,,,,,,,,,,,,,,,,,,,Mauritius,MU,,,,,,,,,,,,,,,,,,,,,,,,,,,,,,
,,Kuwait,KW,,,,,,,,,,,,,,,,,,,Mayotte,YT,,,,,,,,,,,,,,,,,,,,,,,,,,,,,,
,,Kyrgyzstan,KG,,,,,,,,,,,,,,,,,,,Micronesia (Federated States of),FM,,,,,,,,,,,,,,,,,,,,,,,,,,,,,,
,,Lao People's Democratic Republic,LA,,,,,,,,,,,,,,,,,,,Mongolia,MN,,,,,,,,,,,,,,,,,,,,,,,,,,,,,,
,,Latvia,LV,,,,,,,,,,,,,,,,,,,Montenegro,ME,,,,,,,,,,,,,,,,,,,,,,,,,,,,,,
,,Lebanon,LB,,,,,,,,,,,,,,,,,,,Morocco,MA,,,,,,,,,,,,,,,,,,,,,,,,,,,,,,
,,Lesotho,LS,,,,,,,,,,,,,,,,,,,Mozambique,MZ,,,,,,,,,,,,,,,,,,,,,,,,,,,,,,
,,Liberia,LR,,,,,,,,,,,,,,,,,,,Myanmar,MM,,,,,,,,,,,,,,,,,,,,,,,,,,,,,,
,,Libyan Arab Jamahiriya,LY,,,,,,,,,,,,,,,,,,,Nepal,NP,,,,,,,,,,,,,,,,,,,,,,,,,,,,,,
,,Lithuania,LT,,,,,,,,,,,,,,,,,,,New Caledonia,NC,,,,,,,,,,,,,,,,,,,,,,,,,,,,,,
,,Luxembourg,LU,,,,,,,,,,,,,,,,,,,Nicaragua,NI,,,,,,,,,,,,,,,,,,,,,,,,,,,,,,
,,Macau Special Administrative Region of China,MO,,,,,,,,,,,,,,,,,,,Niger,NE,,,,,,,,,,,,,,,,,,,,,,,,,,,,,,
,,Madagascar,MG,,,,,,,,,,,,,,,,,,,Nigeria,NG,,,,,,,,,,,,,,,,,,,,,,,,,,,,,,
,,Malawi,MW,,,,,,,,,,,,,,,,,,,Oman,OM,,,,,,,,,,,,,,,,,,,,,,,,,,,,,,
,,Malaysia,MY,,,,,,,,,,,,,,,,,,,Pakistan,PK,,,,,,,,,,,,,,,,,,,,,,,,,,,,,,
,,Maldives,MV,,,,,,,,,,,,,,,,,,,Palau,PW,,,,,,,,,,,,,,,,,,,,,,,,,,,,,,
,,Mali,ML,,,,,,,,,,,,,,,,,,,Panama,PA,,,,,,,,,,,,,,,,,,,,,,,,,,,,,,
,,Malta,MT,,,,,,,,,,,,,,,,,,,Papua New Guinea,PG,,,,,,,,,,,,,,,,,,,,,,,,,,,,,,
,,Marshall Islands,MH,,,,,,,,,,,,,,,,,,,Paraguay,PY,,,,,,,,,,,,,,,,,,,,,,,,,,,,,,
,,Martinique,MQ,,,,,,,,,,,,,,,,,,,Peru,PE,,,,,,,,,,,,,,,,,,,,,,,,,,,,,,
,,Mauritius,MU,,,,,,,,,,,,,,,,,,,Philippines,PH,,,,,,,,,,,,,,,,,,,,,,,,,,,,,,
,,Mayotte,YT,,,,,,,,,,,,,,,,,,,Puerto Rico,PR,,,,,,,,,,,,,,,,,,,,,,,,,,,,,,
,,Mexico,MX,,,,,,,,,,,,,,,,,,,Qatar,QA,,,,,,,,,,,,,,,,,,,,,,,,,,,,,,
,,Micronesia (Federated States of),FM,,,,,,,,,,,,,,,,,,,Republic of Congo,CG,,,,,,,,,,,,,,,,,,,,,,,,,,,,,,
,,Mongolia,MN,,,,,,,,,,,,,,,,,,,Republic of Korea,KP,,,,,,,,,,,,,,,,,,,,,,,,,,,,,,
,,Montenegro,ME,,,,,,,,,,,,,,,,,,,Republic of Macedonia,MK,,,,,,,,,,,,,,,,,,,,,,,,,,,,,,
,,Morocco,MA,,,,,,,,,,,,,,,,,,,Republic of Moldova,MD,,,,,,,,,,,,,,,,,,,,,,,,,,,,,,
,,Mozambique,MZ,,,,,,,,,,,,,,,,,,,Reunion,RE,,,,,,,,,,,,,,,,,,,,,,,,,,,,,,
,,Myanmar,MM,,,,,,,,,,,,,,,,,,,Romania,RO,,,,,,,,,,,,,,,,,,,,,,,,,,,,,,
,,Nepal,NP,,,,,,,,,,,,,,,,,,,Russian Federation,RU,,,,,,,,,,,,,,,,,,,,,,,,,,,,,,
,,Netherlands,NL,,,,,,,,,,,,,,,,,,,Rwanda,RW,,,,,,,,,,,,,,,,,,,,,,,,,,,,,,
,,New Caledonia,NC,,,,,,,,,,,,,,,,,,,Samoa,WS,,,,,,,,,,,,,,,,,,,,,,,,,,,,,,
,,New Zealand,NZ,,,,,,,,,,,,,,,,,,,Saudi Arabia,SA,,,,,,,,,,,,,,,,,,,,,,,,,,,,,,
,,Nicaragua,NI,,,,,,,,,,,,,,,,,,,Senegal,SN,,,,,,,,,,,,,,,,,,,,,,,,,,,,,,
,,Niger,NE,,,,,,,,,,,,,,,,,,,Serbia,RS,,,,,,,,,,,,,,,,,,,,,,,,,,,,,,
,,Nigeria,NG,,,,,,,,,,,,,,,,,,,Seychelles,SC,,,,,,,,,,,,,,,,,,,,,,,,,,,,,,
,,Norway,NO,,,,,,,,,,,,,,,,,,,Sierra Leone,SL,,,,,,,,,,,,,,,,,,,,,,,,,,,,,,
,,Oman,OM,,,,,,,,,,,,,,,,,,,Singapore,SG,,,,,,,,,,,,,,,,,,,,,,,,,,,,,,
,,Pakistan,PK,,,,,,,,,,,,,,,,,,,Solomon Islands,SB,,,,,,,,,,,,,,,,,,,,,,,,,,,,,,
,,Palau,PW,,,,,,,,,,,,,,,,,,,Somalia,SO,,,,,,,,,,,,,,,,,,,,,,,,,,,,,,
,,Panama,PA,,,,,,,,,,,,,,,,,,,Somaliland,SO,,,,,,,,,,,,,,,,,,,,,,,,,,,,,,
,,Papua New Guinea,PG,,,,,,,,,,,,,,,,,,,South Africa,ZA,,,,,,,,,,,,,,,,,,,,,,,,,,,,,,
,,Paraguay,PY,,,,,,,,,,,,,,,,,,,Sri Lanka,LK,,,,,,,,,,,,,,,,,,,,,,,,,,,,,,
,,Peru,PE,,,,,,,,,,,,,,,,,,,Sudan,SD,,,,,,,,,,,,,,,,,,,,,,,,,,,,,,
,,Philippines,PH,,,,,,,,,,,,,,,,,,,Suriname,SR,,,,,,,,,,,,,,,,,,,,,,,,,,,,,,
,,Poland,PL,,,,,,,,,,,,,,,,,,,Swaziland,SZ,,,,,,,,,,,,,,,,,,,,,,,,,,,,,,
,,Portugal,PT,,,,,,,,,,,,,,,,,,,Syrian Arab Republic,SY,,,,,,,,,,,,,,,,,,,,,,,,,,,,,,
,,Puerto Rico,PR,,,,,,,,,,,,,,,,,,,Taiwan,TW,,,,,,,,,,,,,,,,,,,,,,,,,,,,,,
,,Qatar,QA,,,,,,,,,,,,,,,,,,,Tajikistan,TJ,,,,,,,,,,,,,,,,,,,,,,,,,,,,,,
,,Republic of Congo,CG,,,,,,,,,,,,,,,,,,,Thailand,TH,,,,,,,,,,,,,,,,,,,,,,,,,,,,,,
,,Republic of Korea,KP,,,,,,,,,,,,,,,,,,,TimorLeste,TL,,,,,,,,,,,,,,,,,,,,,,,,,,,,,,
,,Republic of Macedonia,MK,,,,,,,,,,,,,,,,,,,Togo,TG,,,,,,,,,,,,,,,,,,,,,,,,,,,,,,
,,Republic of Moldova,MD,,,,,,,,,,,,,,,,,,,Tokelau,TK,,,,,,,,,,,,,,,,,,,,,,,,,,,,,,
,,Reunion,RE,,,,,,,,,,,,,,,,,,,Tonga,TO,,,,,,,,,,,,,,,,,,,,,,,,,,,,,,
,,Romania,RO,,,,,,,,,,,,,,,,,,,Trinidad and Tobago,TT,,,,,,,,,,,,,,,,,,,,,,,,,,,,,,
,,Russian Federation,RU,,,,,,,,,,,,,,,,,,,Tunisia,TN,,,,,,,,,,,,,,,,,,,,,,,,,,,,,,
,,Rwanda,RW,,,,,,,,,,,,,,,,,,,Turkmenistan,TM,,,,,,,,,,,,,,,,,,,,,,,,,,,,,,
,,Samoa,WS,,,,,,,,,,,,,,,,,,,Tuvalu,TV,,,,,,,,,,,,,,,,,,,,,,,,,,,,,,
,,Saudi Arabia,SA,,,,,,,,,,,,,,,,,,,Uganda,UG,,,,,,,,,,,,,,,,,,,,,,,,,,,,,,
,,Senegal,SN,,,,,,,,,,,,,,,,,,,Ukraine,UA,,,,,,,,,,,,,,,,,,,,,,,,,,,,,,
,,Serbia,RS,,,,,,,,,,,,,,,,,,,United Arab Emirates,AE,,,,,,,,,,,,,,,,,,,,,,,,,,,,,,
,,Seychelles,SC,,,,,,,,,,,,,,,,,,,United Republic Of Tanzania,TZ,,,,,,,,,,,,,,,,,,,,,,,,,,,,,,
,,Sierra Leone,SL,,,,,,,,,,,,,,,,,,,Uruguay,UY,,,,,,,,,,,,,,,,,,,,,,,,,,,,,,
,,Singapore,SG,,,,,,,,,,,,,,,,,,,Uzbekistan,UZ,,,,,,,,,,,,,,,,,,,,,,,,,,,,,,
,,Slovakia,SK,,,,,,,,,,,,,,,,,,,Vanuatu,VU,,,,,,,,,,,,,,,,,,,,,,,,,,,,,,
,,Slovenia,SI,,,,,,,,,,,,,,,,,,,Venezuela,VE,,,,,,,,,,,,,,,,,,,,,,,,,,,,,,
,,Solomon Islands,SB,,,,,,,,,,,,,,,,,,,Vietnam,VN,,,,,,,,,,,,,,,,,,,,,,,,,,,,,,
,,Somalia,SO,,,,,,,,,,,,,,,,,,,Virgin Islands (US),VI,,,,,,,,,,,,,,,,,,,,,,,,,,,,,,
,,Somaliland,SO,,,,,,,,,,,,,,,,,,,Yemen,YE,,,,,,,,,,,,,,,,,,,,,,,,,,,,,,
,,South Africa,ZA,,,,,,,,,,,,,,,,,,,Zambia,ZM,,,,,,,,,,,,,,,,,,,,,,,,,,,,,,
,,Spain,ES,,,,,,,,,,,,,,,,,,,Zimbabwe,ZW,,,,,,,,,,,,,,,,,,,,,,,,,,,,,,
,,Sri Lanka,LK,,,,,,,,,,,,,,,,,,,AngolaCongo Republic Joint Development Area,AO,,,,,,,,,,,,,,,,,,,,,,,,,,,,,,
,,Sudan,SD,,,,,,,,,,,,,,,,,,,Brunei,BN,,,,,,,,,,,,,,,,,,,,,,,,,,,,,,
,,Suriname,SR,,,,,,,,,,,,,,,,,,,Comoros,KM,,,,,,,,,,,,,,,,,,,,,,,,,,,,,,
,,Swaziland,SZ,,,,,,,,,,,,,,,,,,,Congo Republic,CG,,,,,,,,,,,,,,,,,,,,,,,,,,,,,,
,,Sweden,SE,,,,,,,,,,,,,,,,,,,Cote d'Ivoire,CI,,,,,,,,,,,,,,,,,,,,,,,,,,,,,,
,,Switzerland,CH,,,,,,,,,,,,,,,,,,,Falkland Islands,FK,,,,,,,,,,,,,,,,,,,,,,,,,,,,,,
,,Syrian Arab Republic,SY,,,,,,,,,,,,,,,,,,,Iran,IR,,,,,,,,,,,,,,,,,,,,,,,,,,,,,,
,,Taiwan,TW,,,,,,,,,,,,,,,,,,,KuwaitSaudi Arabia Partitioned Neutral Zone,KW,,,,,,,,,,,,,,,,,,,,,,,,,,,,,,
,,Tajikistan,TJ,,,,,,,,,,,,,,,,,,,Libya,LY,,,,,,,,,,,,,,,,,,,,,,,,,,,,,,
,,Thailand,TH,,,,,,,,,,,,,,,,,,,Malaysia  Thailand Joint Development Area,MY,,,,,,,,,,,,,,,,,,,,,,,,,,,,,,
,,TimorLeste,TL,,,,,,,,,,,,,,,,,,,Malaysia  Vietnam PM3 Commercial Arrangement Area,MY,,,,,,,,,,,,,,,,,,,,,,,,,,,,,,
,,Togo,TG,,,,,,,,,,,,,,,,,,,Mauritania,MR,,,,,,,,,,,,,,,,,,,,,,,,,,,,,,
,,Tokelau,TK,,,,,,,,,,,,,,,,,,,Russia,RU,,,,,,,,,,,,,,,,,,,,,,,,,,,,,,
,,Tonga,TO,,,,,,,,,,,,,,,,,,,South Sudan,SS,,,,,,,,,,,,,,,,,,,,,,,,,,,,,,
,,Trinidad and Tobago,TT,,,,,,,,,,,,,,,,,,,Syria,SY,,,,,,,,,,,,,,,,,,,,,,,,,,,,,,
,,Tunisia,TN,,,,,,,,,,,,,,,,,,,Tanzania,TZ,,,,,,,,,,,,,,,,,,,,,,,,,,,,,,
,,Turkey,TR,,,,,,,,,,,,,,,,,,,Timor Sea Joint Petroleum Development Area,TL,,,,,,,,,,,,,,,,,,,,,,,,,,,,,,
,,Turkmenistan,TM,,,,,,,,,,,,,,,,,,,Saint Barthelemy,BL,,,,,,,,,,,,,,,,,,,,,,,,,,,,,,
,,Tuvalu,TV,,,,,,,,,,,,,,,,,,,"Saint Helena, Ascension and Tristan da Cunha",SH,,,,,,,,,,,,,,,,,,,,,,,,,,,,,,
,,Uganda,UG,,,,,,,,,,,,,,,,,,,Saint Kitts and Nevis,KN,,,,,,,,,,,,,,,,,,,,,,,,,,,,,,
,,Ukraine,UA,,,,,,,,,,,,,,,,,,,Saint Lucia,LC,,,,,,,,,,,,,,,,,,,,,,,,,,,,,,
,,United Arab Emirates,AE,,,,,,,,,,,,,,,,,,,Saint Pierre and Miquelon,PM,,,,,,,,,,,,,,,,,,,,,,,,,,,,,,
,,United Kingdom,GB,,,,,,,,,,,,,,,,,,,Saint Vincent and the Grenadines,VC,,,,,,,,,,,,,,,,,,,,,,,,,,,,,,
,,United Republic Of Tanzania,TZ,,,,,,,,,,,,,,,,,,,Sint Maarten,MF,,,,,,,,,,,,,,,,,,,,,,,,,,,,,,
,,United States,US,,,,,,,,,,,,,,,,,,,Antarctica,AQ,,,,,,,,,,,,,,,,,,,,,,,,,,,,,,
,,Uruguay,UY,,,,,,,,,,,,,,,,,,,Bonaire,BQ,,,,,,,,,,,,,,,,,,,,,,,,,,,,,,
,,Uzbekistan,UZ,,,,,,,,,,,,,,,,,,,Bouvet Island,BV,,,,,,,,,,,,,,,,,,,,,,,,,,,,,,
,,Vanuatu,VU,,,,,,,,,,,,,,,,,,,British Indian Ocean Territory,IO,,,,,,,,,,,,,,,,,,,,,,,,,,,,,,
,,Venezuela,VE,,,,,,,,,,,,,,,,,,,Central African Republic,CF,,,,,,,,,,,,,,,,,,,,,,,,,,,,,,
,,Vietnam,VN,,,,,,,,,,,,,,,,,,,Christmas Island,CX,,,,,,,,,,,,,,,,,,,,,,,,,,,,,,
,,Virgin Islands (US),VI,,,,,,,,,,,,,,,,,,,Cocos (Keeling) Islands,CC,,,,,,,,,,,,,,,,,,,,,,,,,,,,,,
,,Yemen,YE,,,,,,,,,,,,,,,,,,,Congo,CG,,,,,,,,,,,,,,,,,,,,,,,,,,,,,,
,,Zambia,ZM,,,,,,,,,,,,,,,,,,,Falkland Islands (Malvinas),FK,,,,,,,,,,,,,,,,,,,,,,,,,,,,,,
,,Zimbabwe,ZW,,,,,,,,,,,,,,,,,,,French Southern Territories,TF,,,,,,,,,,,,,,,,,,,,,,,,,,,,,,
,,AngolaCongo Republic Joint Development Area,AO,,,,,,,,,,,,,,,,,,,Heard Island and McDonald Mcdonald Islands,HM,,,,,,,,,,,,,,,,,,,,,,,,,,,,,,
,,Brunei,BN,,,,,,,,,,,,,,,,,,,Holy See (Vatican City State),VA,,,,,,,,,,,,,,,,,,,,,,,,,,,,,,
,,Comoros,KM,,,,,,,,,,,,,,,,,,,Hong Kong,HK,,,,,,,,,,,,,,,,,,,,,,,,,,,,,,
,,Congo Republic,CG,,,,,,,,,,,,,,,,,,,"Iran, Islamic Republic of",IR,,,,,,,,,,,,,,,,,,,,,,,,,,,,,,
,,Cote d'Ivoire,CI,,,,,,,,,,,,,,,,,,,"Korea, Democratic People's Republic of",KP,,,,,,,,,,,,,,,,,,,,,,,,,,,,,,
,,Falkland Islands,FK,,,,,,,,,,,,,,,,,,,Liechtenstein,LI,,,,,,,,,,,,,,,,,,,,,,,,,,,,,,
,,Iran,IR,,,,,,,,,,,,,,,,,,,Macao,MO,,,,,,,,,,,,,,,,,,,,,,,,,,,,,,
,,KuwaitSaudi Arabia Partitioned Neutral Zone,KW,,,,,,,,,,,,,,,,,,,"Macedonia, the Former Yugoslav Republic of",MK,,,,,,,,,,,,,,,,,,,,,,,,,,,,,,
,,Libya,LY,,,,,,,,,,,,,,,,,,,"Micronesia, Federated States of",FM,,,,,,,,,,,,,,,,,,,,,,,,,,,,,,
,,Malaysia  Thailand Joint Development Area,MY,,,,,,,,,,,,,,,,,,,"Moldova, Republic of",MD,,,,,,,,,,,,,,,,,,,,,,,,,,,,,,
,,Malaysia  Vietnam PM3 Commercial Arrangement Area,MY,,,,,,,,,,,,,,,,,,,Monaco,MC,,,,,,,,,,,,,,,,,,,,,,,,,,,,,,
,,Mauritania,MR,,,,,,,,,,,,,,,,,,,Montserrat,MS,,,,,,,,,,,,,,,,,,,,,,,,,,,,,,
,,Russia,RU,,,,,,,,,,,,,,,,,,,Namibia,NA,,,,,,,,,,,,,,,,,,,,,,,,,,,,,,
,,South Korea,KR,,,,,,,,,,,,,,,,,,,Nauru,NR,,,,,,,,,,,,,,,,,,,,,,,,,,,,,,
,,South Sudan,SS,,,,,,,,,,,,,,,,,,,Niue,NU,,,,,,,,,,,,,,,,,,,,,,,,,,,,,,
,,Syria,SY,,,,,,,,,,,,,,,,,,,Norfolk Island,NF,,,,,,,,,,,,,,,,,,,,,,,,,,,,,,
,,Tanzania,TZ,,,,,,,,,,,,,,,,,,,Northern Mariana Islands,MP,,,,,,,,,,,,,,,,,,,,,,,,,,,,,,
,,Timor Sea Joint Petroleum Development Area,TL,,,,,,,,,,,,,,,,,,,"Palestine, State of",PS,,,,,,,,,,,,,,,,,,,,,,,,,,,,,,
,,Saint Barthelemy,BL,,,,,,,,,,,,,,,,,,,Pitcairn,PN,,,,,,,,,,,,,,,,,,,,,,,,,,,,,,
,,"Saint Helena, Ascension and Tristan da Cunha",SH,,,,,,,,,,,,,,,,,,,Saint Helena,SH,,,,,,,,,,,,,,,,,,,,,,,,,,,,,,
,,Saint Kitts and Nevis,KN,,,,,,,,,,,,,,,,,,,Saint Martin (French part),MF,,,,,,,,,,,,,,,,,,,,,,,,,,,,,,
,,Saint Lucia,LC,,,,,,,,,,,,,,,,,,,San Marino,SM,,,,,,,,,,,,,,,,,,,,,,,,,,,,,,
,,Saint Pierre and Miquelon,PM,,,,,,,,,,,,,,,,,,,Sao Tome and Principe,ST,,,,,,,,,,,,,,,,,,,,,,,,,,,,,,
,,Saint Vincent and the Grenadines,VC,,,,,,,,,,,,,,,,,,,Sint Maarten (Dutch part),SX,,,,,,,,,,,,,,,,,,,,,,,,,,,,,,
,,Sint Maarten,MF,,,,,,,,,,,,,,,,,,,South Georgia and the South Sandwich Islands,GS,,,,,,,,,,,,,,,,,,,,,,,,,,,,,,
,,Antarctica,AQ,,,,,,,,,,,,,,,,,,,Svalbard and Jan Mayen,SJ,,,,,,,,,,,,,,,,,,,,,,,,,,,,,,
,,Bonaire,BQ,,,,,,,,,,,,,,,,,,,"Taiwan, Province of China",TW,,,,,,,,,,,,,,,,,,,,,,,,,,,,,,
,,Bouvet Island,BV,,,,,,,,,,,,,,,,,,,Turks and Caicos Islands,TC,,,,,,,,,,,,,,,,,,,,,,,,,,,,,,
,,British Indian Ocean Territory,IO,,,,,,,,,,,,,,,,,,,United States Minor Outlying Islands,UM,,,,,,,,,,,,,,,,,,,,,,,,,,,,,,
,,Central African Republic,CF,,,,,,,,,,,,,,,,,,,Viet Nam,VN,,,,,,,,,,,,,,,,,,,,,,,,,,,,,,
,,Christmas Island,CX,,,,,,,,,,,,,,,,,,,US Virgin Islands,VI,,,,,,,,,,,,,,,,,,,,,,,,,,,,,,
,,Cocos (Keeling) Islands,CC,,,,,,,,,,,,,,,,,,,Wallis and Futuna,WF,,,,,,,,,,,,,,,,,,,,,,,,,,,,,,
,,Congo,CG,,,,,,,,,,,,,,,,,,,Western Sahara,EH,,,,,,,,,,,,,,,,,,,,,,,,,,,,,,
,,Falkland Islands (Malvinas),FK,,,,,,,,,,,,,,,,,,,Aland Islands,AX,,,,,,,,,,,,,,,,,,,,,,,,,,,,,,
,,French Southern Territories,TF,,,,,,,,,,,,,,,,,,,NonOECD,NonOECD,,,,,,,,,,,,,,,,,,,,,,,,,,,,,,
,,Heard Island and McDonald Mcdonald Islands,HM,,,,,,,,,,,,,,,,,,,Global,Global,,,,,,,,,,,,,,,,,,,,,,,,,,,,,,
,,Holy See (Vatican City State),VA,,,,,,,,,,,,,,,,,,,,,,,,,,,,,,,,,,,,,,,,,,,,,,,,,,
,,Hong Kong,HK,,,,,,,,,,,,,,,,,,,,,,,,,,,,,,,,,,,,,,,,,,,,,,,,,,
,,"Iran, Islamic Republic of",IR,,,,,,,,,,,,,,,,,,,,,,,,,,,,,,,,,,,,,,,,,,,,,,,,,,
,,"Korea, Democratic People's Republic of",KP,,,,,,,,,,,,,,,,,,,,,,,,,,,,,,,,,,,,,,,,,,,,,,,,,,
,,"Korea, Republic of",KR,,,,,,,,,,,,,,,,,,,,,,,,,,,,,,,,,,,,,,,,,,,,,,,,,,
,,Liechtenstein,LI,,,,,,,,,,,,,,,,,,,,,,,,,,,,,,,,,,,,,,,,,,,,,,,,,,
,,Macao,MO,,,,,,,,,,,,,,,,,,,,,,,,,,,,,,,,,,,,,,,,,,,,,,,,,,
,,"Macedonia, the Former Yugoslav Republic of",MK,,,,,,,,,,,,,,,,,,,,,,,,,,,,,,,,,,,,,,,,,,,,,,,,,,
,,"Micronesia, Federated States of",FM,,,,,,,,,,,,,,,,,,,,,,,,,,,,,,,,,,,,,,,,,,,,,,,,,,
,,"Moldova, Republic of",MD,,,,,,,,,,,,,,,,,,,,,,,,,,,,,,,,,,,,,,,,,,,,,,,,,,
,,Monaco,MC,,,,,,,,,,,,,,,,,,,,,,,,,,,,,,,,,,,,,,,,,,,,,,,,,,
,,Montserrat,MS,,,,,,,,,,,,,,,,,,,,,,,,,,,,,,,,,,,,,,,,,,,,,,,,,,
,,Namibia,NA,,,,,,,,,,,,,,,,,,,,,,,,,,,,,,,,,,,,,,,,,,,,,,,,,,
,,Nauru,NR,,,,,,,,,,,,,,,,,,,,,,,,,,,,,,,,,,,,,,,,,,,,,,,,,,
,,Niue,NU,,,,,,,,,,,,,,,,,,,,,,,,,,,,,,,,,,,,,,,,,,,,,,,,,,
,,Norfolk Island,NF,,,,,,,,,,,,,,,,,,,,,,,,,,,,,,,,,,,,,,,,,,,,,,,,,,
,,Northern Mariana Islands,MP,,,,,,,,,,,,,,,,,,,,,,,,,,,,,,,,,,,,,,,,,,,,,,,,,,
,,"Palestine, State of",PS,,,,,,,,,,,,,,,,,,,,,,,,,,,,,,,,,,,,,,,,,,,,,,,,,,
,,Pitcairn,PN,,,,,,,,,,,,,,,,,,,,,,,,,,,,,,,,,,,,,,,,,,,,,,,,,,
,,Saint Helena,SH,,,,,,,,,,,,,,,,,,,,,,,,,,,,,,,,,,,,,,,,,,,,,,,,,,
,,Saint Martin (French part),MF,,,,,,,,,,,,,,,,,,,,,,,,,,,,,,,,,,,,,,,,,,,,,,,,,,
,,San Marino,SM,,,,,,,,,,,,,,,,,,,,,,,,,,,,,,,,,,,,,,,,,,,,,,,,,,
,,Sao Tome and Principe,ST,,,,,,,,,,,,,,,,,,,,,,,,,,,,,,,,,,,,,,,,,,,,,,,,,,
,,Sint Maarten (Dutch part),SX,,,,,,,,,,,,,,,,,,,,,,,,,,,,,,,,,,,,,,,,,,,,,,,,,,
,,South Georgia and the South Sandwich Islands,GS,,,,,,,,,,,,,,,,,,,,,,,,,,,,,,,,,,,,,,,,,,,,,,,,,,
,,Svalbard and Jan Mayen,SJ,,,,,,,,,,,,,,,,,,,,,,,,,,,,,,,,,,,,,,,,,,,,,,,,,,
,,"Taiwan, Province of China",TW,,,,,,,,,,,,,,,,,,,,,,,,,,,,,,,,,,,,,,,,,,,,,,,,,,
,,Turks and Caicos Islands,TC,,,,,,,,,,,,,,,,,,,,,,,,,,,,,,,,,,,,,,,,,,,,,,,,,,
,,United States Minor Outlying Islands,UM,,,,,,,,,,,,,,,,,,,,,,,,,,,,,,,,,,,,,,,,,,,,,,,,,,
,,Viet Nam,VN,,,,,,,,,,,,,,,,,,,,,,,,,,,,,,,,,,,,,,,,,,,,,,,,,,
,,US Virgin Islands,VI,,,,,,,,,,,,,,,,,,,,,,,,,,,,,,,,,,,,,,,,,,,,,,,,,,
,,Wallis and Futuna,WF,,,,,,,,,,,,,,,,,,,,,,,,,,,,,,,,,,,,,,,,,,,,,,,,,,
,,Western Sahara,EH,,,,,,,,,,,,,,,,,,,,,,,,,,,,,,,,,,,,,,,,,,,,,,,,,,
,,Aland Islands,AX,,,,,,,,,,,,,,,,,,,,,,,,,,,,,,,,,,,,,,,,,,,,,,,,,,
,,Global,Global,,,,,,,,,,,,,,,,,,,,,,,,,,,,,,,,,,,,,,,,,,,,,,,,,,
,,OECD,OECD,,,,,,,,,,,,,,,,,,,,,,,,,,,,,,,,,,,,,,,,,,,,,,,,,,
,,NonOECD,NonOECD,,,,,,,,,,,,,,,,,,,,,,,,,,,,,,,,,,,,,,,,,,,,,,,,,,
